{
    "tasks": [
        {
            "id": "1",
            "enabled": true,
            "name": "Turn on night lights",
            "cronstring": "0 5 * * *",
            "expression": "",
            "commands": [
                {
                    "type": "lighting",
                    "group": "30",
                    "level": 100,
                    "delay": 0,
                    "timeout": 28800
                }
            ]
        }
    ],
    "rules": [
        {
            "id": "1",
            "enabled": true,
            "name": "Late night hall motion",
            "expression": "group=='95' && level > 0 && (time > '22:00' || time < dawn)",
            "commands": [
                {
                    "type": "lighting",
                    "group": "46",
                    "level": 20,
                    "delay": 0,
                    "timeout": 90
                },
                {
                    "type": "lighting",
                    "group": "19",
                    "level": 5,
                    "delay": 0,
                    "timeout": 90
                },
                {
                    "type": "lighting",
                    "group": "29",
                    "level": 100,
                    "delay": 0,
                    "timeout": 90
                }
            ]
        },
        {
            "id": "2",
            "enabled": true,
            "name": "Turn off the sport court lights and pause the music if no one is playing",
            "expression": "group=='65' && level == 0 && DB.devices['8'].level > 0",
            "commands": [
                {
                    "type": "lighting",
                    "group": "8",
                    "level": 0,
                    "delay": 0,
                    "timeout": 0
                },
                {
                    "type": "url",
                    "url": "http://localhost:5005/sport court/pause"
                }
            ]
        },
        {
            "id": "3",
            "enabled": false,
            "name": "Turn on the sport court lights when door opens at night and the light is off",
            "expression": "group=='Z1' && level > 0 && (time > dusk || time < dawn) && DB.devices['8'].level == 0",
            "commands": [
                {
                    "type": "lighting",
                    "group": "8",
                    "level": 100,
                    "delay": 0,
                    "timeout": 0
                }
            ]
        },
        {
            "id": "4",
            "enabled": true,
            "name": "Sync the sport court light levels",
            "expression": "group=='8'",
            "commands": [
                {
                    "type": "lighting",
                    "group": "10",
                    "level": "level",
                    "delay": 0,
                    "timeout": 0
                }
            ]
        }
    ],
    "scenes": [
        {
            "id": "1",
            "name": "Party Mode",
            "commands": [
                {
                    "type": "lighting",
                    "group": "20",
                    "level": 20,
                    "delay": 0,
                    "timeout": 0
                },
                {
                    "type": "lighting",
                    "group": "22",
                    "level": 50,
                    "delay": 0,
                    "timeout": 0
                },
                {
                    "type": "lighting",
                    "group": "85",
                    "level": 0,
                    "delay": 0,
                    "timeout": 0
                },
                {
                    "type": "lighting",
                    "group": "31",
                    "level": 100,
                    "delay": 0,
                    "timeout": 0
                }
            ]
        }
    ],
    "devices": {
        "0": {
            "name": "Flood",
            "location": "Outdoor",
            "level": 0,
            "lastchange": null,
            "type": "lighting",
            "visible": true,
            "vendor": "cbus"
        },
        "1": {
            "name": "Main Bay",
            "location": "Garage",
            "level": 0,
            "lastchange": null,
            "type": "lighting",
            "visible": true,
            "vendor": "cbus"
        },
        "2": {
            "name": "3rd Bay",
            "location": "Garage",
            "level": 0,
            "lastchange": null,
            "type": "lighting",
            "visible": true,
            "vendor": "cbus"
        },
        "3": {
            "name": "Closet",
            "location": "Court",
            "level": 0,
            "lastchange": null,
            "type": "lighting",
            "visible": true,
            "vendor": "cbus"
        }
    }
}
